order_details_id,order_id,pizza_id,quantity,order_date,order_time,amount_due
1,1,hawaiian_m,1,2015-01-01,11:38:36,13.25
6,2,thai_ckn_l,1,2015-01-01,11:57:40,20.75
5,2,mexicana_m,1,2015-01-01,11:57:40,16
4,2,ital_supr_l,1,2015-01-01,11:57:40,20.75
3,2,five_cheese_l,1,2015-01-01,11:57:40,18.5
2,2,classic_dlx_m,1,2015-01-01,11:57:40,16
8,3,prsc_argla_l,1,2015-01-01,12:12:28,20.75
7,3,ital_supr_m,1,2015-01-01,12:12:28,16.5
9,4,ital_supr_m,1,2015-01-01,12:16:31,16.5
10,5,ital_supr_m,1,2015-01-01,12:21:30,16.5
12,6,the_greek_s,1,2015-01-01,12:29:36,12
11,6,bbq_ckn_s,1,2015-01-01,12:29:36,12.75
13,7,spinach_supr_s,1,2015-01-01,12:50:37,12.5
14,8,spinach_supr_s,1,2015-01-01,12:51:37,12.5
23,9,veggie_veg_s,1,2015-01-01,12:52:01,12
22,9,spin_pesto_l,1,2015-01-01,12:52:01,20.75
21,9,spicy_ital_l,1,2015-01-01,12:52:01,20.75
20,9,mexicana_s,1,2015-01-01,12:52:01,12
19,9,ital_supr_s,1,2015-01-01,12:52:01,12.5
18,9,ital_supr_l,1,2015-01-01,12:52:01,20.75
17,9,ital_cpcllo_l,1,2015-01-01,12:52:01,20.5
16,9,green_garden_s,1,2015-01-01,12:52:01,12
15,9,classic_dlx_s,1,2015-01-01,12:52:01,12
25,10,southw_ckn_l,1,2015-01-01,13:00:15,20.75
24,10,mexicana_l,1,2015-01-01,13:00:15,20.25
29,11,pepperoni_l,1,2015-01-01,13:02:59,15.25
28,11,cali_ckn_m,1,2015-01-01,13:02:59,16.75
27,11,cali_ckn_l,1,2015-01-01,13:02:59,20.75
26,11,bbq_ckn_l,1,2015-01-01,13:02:59,20.75
33,12,ital_supr_m,1,2015-01-01,13:04:41,16.5
32,12,ckn_pesto_l,1,2015-01-01,13:04:41,20.75
31,12,cali_ckn_s,1,2015-01-01,13:04:41,12.75
30,12,cali_ckn_l,1,2015-01-01,13:04:41,20.75
34,13,mexicana_l,1,2015-01-01,13:11:55,20.25
35,14,the_greek_s,1,2015-01-01,13:14:19,12
39,15,the_greek_s,1,2015-01-01,13:33:00,12
38,15,soppressata_l,1,2015-01-01,13:33:00,20.75
37,15,five_cheese_l,1,2015-01-01,13:33:00,18.5
36,15,big_meat_s,1,2015-01-01,13:33:00,12
42,16,thai_ckn_l,1,2015-01-01,13:34:07,20.75
41,16,napolitana_s,1,2015-01-01,13:34:07,12
40,16,four_cheese_l,1,2015-01-01,13:34:07,17.95
52,17,spinach_fet_l,1,2015-01-01,13:53:00,20.25
51,17,peppr_salami_s,1,2015-01-01,13:53:00,12.5
50,17,mexicana_l,1,2015-01-01,13:53:00,20.25
49,17,mediterraneo_m,2,2015-01-01,13:53:00,32
48,17,ital_veggie_s,1,2015-01-01,13:53:00,12.75
47,17,ital_supr_m,1,2015-01-01,13:53:00,16.5
46,17,four_cheese_m,1,2015-01-01,13:53:00,14.75
45,17,five_cheese_l,1,2015-01-01,13:53:00,18.5
44,17,calabrese_m,1,2015-01-01,13:53:00,16.25
43,17,bbq_ckn_l,1,2015-01-01,13:53:00,20.75
53,18,napolitana_l,1,2015-01-01,13:57:08,20.5
55,19,sicilian_l,1,2015-01-01,13:59:09,20.25
54,19,ital_cpcllo_l,1,2015-01-01,13:59:09,20.5
57,20,five_cheese_l,1,2015-01-01,14:03:08,18.5
56,20,big_meat_s,1,2015-01-01,14:03:08,12
58,21,ital_cpcllo_l,1,2015-01-01,14:14:29,20.5
61,22,southw_ckn_l,1,2015-01-01,14:16:26,20.75
60,22,ital_cpcllo_m,1,2015-01-01,14:16:26,16
59,22,five_cheese_l,1,2015-01-01,14:16:26,18.5
62,23,southw_ckn_s,1,2015-01-01,14:19:03,12.75
66,24,prsc_argla_s,1,2015-01-01,14:23:01,12.5
65,24,pepperoni_m,1,2015-01-01,14:23:01,12.5
64,24,ital_cpcllo_m,1,2015-01-01,14:23:01,16
63,24,bbq_ckn_m,1,2015-01-01,14:23:01,16.75
68,25,thai_ckn_l,1,2015-01-01,14:44:44,20.75
67,25,sicilian_m,1,2015-01-01,14:44:44,16.25
70,26,veggie_veg_l,1,2015-01-01,14:54:26,20.25
69,26,classic_dlx_s,1,2015-01-01,14:54:26,12
73,27,spinach_fet_l,1,2015-01-01,15:11:17,20.25
72,27,classic_dlx_m,1,2015-01-01,15:11:17,16
71,27,bbq_ckn_l,1,2015-01-01,15:11:17,20.75
74,28,ckn_alfredo_s,1,2015-01-01,15:35:46,12.75
75,29,green_garden_s,1,2015-01-01,15:41:01,12
76,30,thai_ckn_l,1,2015-01-01,15:41:25,20.75
78,31,pepperoni_s,1,2015-01-01,15:50:18,9.75
77,31,mexicana_m,1,2015-01-01,15:50:18,16
82,32,ital_supr_m,1,2015-01-01,15:53:18,16.5
81,32,ital_cpcllo_l,1,2015-01-01,15:53:18,20.5
80,32,green_garden_l,1,2015-01-01,15:53:18,20.25
79,32,big_meat_s,1,2015-01-01,15:53:18,12
84,33,green_garden_s,1,2015-01-01,15:54:08,12
83,33,bbq_ckn_l,1,2015-01-01,15:54:08,20.75
85,34,the_greek_s,1,2015-01-01,16:21:21,12
89,35,thai_ckn_l,1,2015-01-01,16:32:04,20.75
88,35,pepperoni_m,1,2015-01-01,16:32:04,12.5
87,35,pep_msh_pep_l,1,2015-01-01,16:32:04,17.5
86,35,green_garden_m,1,2015-01-01,16:32:04,16
91,36,classic_dlx_m,1,2015-01-01,16:54:09,16
90,36,bbq_ckn_m,1,2015-01-01,16:54:09,16.75
93,37,mexicana_l,1,2015-01-01,16:56:09,20.25
92,37,ital_supr_l,1,2015-01-01,16:56:09,20.75
95,38,ital_cpcllo_l,1,2015-01-01,17:03:00,20.5
94,38,hawaiian_s,1,2015-01-01,17:03:00,10.5
96,39,ital_supr_l,1,2015-01-01,17:07:23,20.75
98,40,southw_ckn_s,1,2015-01-01,17:14:36,12.75
97,40,four_cheese_l,1,2015-01-01,17:14:36,17.95
100,41,green_garden_s,1,2015-01-01,17:15:20,12
99,41,four_cheese_m,1,2015-01-01,17:15:20,14.75
104,42,peppr_salami_m,1,2015-01-01,17:28:09,16.5
103,42,mexicana_l,1,2015-01-01,17:28:09,20.25
102,42,five_cheese_l,1,2015-01-01,17:28:09,18.5
101,42,big_meat_s,1,2015-01-01,17:28:09,12
107,43,peppr_salami_l,1,2015-01-01,17:38:34,20.75
106,43,ital_supr_m,1,2015-01-01,17:38:34,16.5
105,43,ckn_alfredo_m,1,2015-01-01,17:38:34,16.75
108,44,spin_pesto_s,1,2015-01-01,17:54:20,12.5
111,45,thai_ckn_m,1,2015-01-01,17:55:48,16.75
110,45,hawaiian_s,1,2015-01-01,17:55:48,10.5
109,45,four_cheese_l,1,2015-01-01,17:55:48,17.95
114,46,thai_ckn_m,1,2015-01-01,18:25:51,16.75
113,46,classic_dlx_l,1,2015-01-01,18:25:51,20.5
112,46,ckn_pesto_l,1,2015-01-01,18:25:51,20.75
116,47,veggie_veg_s,1,2015-01-01,18:26:34,12
115,47,southw_ckn_l,1,2015-01-01,18:26:34,20.75
120,48,spicy_ital_l,1,2015-01-01,18:26:42,20.75
119,48,prsc_argla_l,1,2015-01-01,18:26:42,20.75
118,48,green_garden_s,1,2015-01-01,18:26:42,12
117,48,ckn_pesto_m,1,2015-01-01,18:26:42,16.75
121,49,sicilian_l,1,2015-01-01,18:33:00,20.25
122,50,the_greek_xl,1,2015-01-01,18:41:01,25.5
124,51,pep_msh_pep_l,1,2015-01-01,18:48:28,17.5
123,51,bbq_ckn_l,1,2015-01-01,18:48:28,20.75
127,52,spicy_ital_l,1,2015-01-01,18:53:02,20.75
126,52,mexicana_l,1,2015-01-01,18:53:02,20.25
125,52,hawaiian_l,1,2015-01-01,18:53:02,16.5
129,53,spinach_supr_m,1,2015-01-01,18:54:17,16.5
128,53,pep_msh_pep_s,1,2015-01-01,18:54:17,11
131,54,thai_ckn_l,1,2015-01-01,19:01:45,20.75
130,54,prsc_argla_m,1,2015-01-01,19:01:45,16.5
133,55,spicy_ital_l,1,2015-01-01,19:03:19,20.75
132,55,peppr_salami_s,1,2015-01-01,19:03:19,12.5
136,56,southw_ckn_m,1,2015-01-01,19:07:00,16.75
135,56,mediterraneo_l,1,2015-01-01,19:07:00,20.25
134,56,classic_dlx_m,1,2015-01-01,19:07:00,16
137,57,classic_dlx_m,1,2015-01-01,19:10:51,16
139,58,pepperoni_m,1,2015-01-01,19:30:40,12.5
138,58,five_cheese_l,1,2015-01-01,19:30:40,18.5
142,59,pepperoni_l,1,2015-01-01,19:40:08,15.25
141,59,pep_msh_pep_s,1,2015-01-01,19:40:08,11
140,59,ital_veggie_s,1,2015-01-01,19:40:08,12.75
144,60,four_cheese_m,1,2015-01-01,20:05:16,14.75
143,60,ckn_pesto_l,1,2015-01-01,20:05:16,20.75
146,61,ital_supr_l,1,2015-01-01,20:08:43,20.75
145,61,bbq_ckn_m,1,2015-01-01,20:08:43,16.75
148,62,spinach_supr_m,1,2015-01-01,20:50:16,16.5
147,62,bbq_ckn_m,1,2015-01-01,20:50:16,16.75
149,63,pep_msh_pep_m,1,2015-01-01,20:51:42,14.5
150,64,big_meat_s,1,2015-01-01,20:52:08,12
154,65,spinach_supr_m,1,2015-01-01,21:16:00,16.5
153,65,spicy_ital_s,1,2015-01-01,21:16:00,12.5
152,65,sicilian_s,1,2015-01-01,21:16:00,12.25
151,65,pep_msh_pep_s,1,2015-01-01,21:16:00,11
156,66,ital_cpcllo_m,1,2015-01-01,21:47:55,16
155,66,classic_dlx_m,1,2015-01-01,21:47:55,16
157,67,southw_ckn_l,1,2015-01-01,22:03:40,20.75
160,68,ital_supr_m,1,2015-01-01,22:07:32,16.5
159,68,ital_supr_l,1,2015-01-01,22:07:32,20.75
158,68,classic_dlx_m,1,2015-01-01,22:07:32,16
161,69,bbq_ckn_l,1,2015-01-01,22:12:13,20.75
163,70,soppressata_l,1,2015-01-02,11:38:51,20.75
162,70,ital_veggie_s,1,2015-01-02,11:38:51,12.75
164,71,thai_ckn_l,1,2015-01-02,11:40:50,20.75
165,72,spinach_fet_l,1,2015-01-02,11:57:25,20.25
166,73,thai_ckn_s,1,2015-01-02,11:58:56,12.75
170,74,spinach_supr_l,1,2015-01-02,12:01:12,20.75
169,74,spin_pesto_s,1,2015-01-02,12:01:12,12.5
168,74,mexicana_l,1,2015-01-02,12:01:12,20.25
167,74,five_cheese_l,1,2015-01-02,12:01:12,18.5
173,75,napolitana_l,1,2015-01-02,12:10:15,20.5
172,75,mediterraneo_l,1,2015-01-02,12:10:15,20.25
171,75,ital_supr_s,1,2015-01-02,12:10:15,12.5
177,76,spicy_ital_l,1,2015-01-02,12:21:17,20.75
176,76,ital_veggie_l,1,2015-01-02,12:21:17,21
175,76,hawaiian_l,1,2015-01-02,12:21:17,16.5
174,76,big_meat_s,1,2015-01-02,12:21:17,12
179,77,hawaiian_m,1,2015-01-02,12:22:46,13.25
178,77,bbq_ckn_m,1,2015-01-02,12:22:46,16.75
185,78,thai_ckn_s,1,2015-01-02,12:28:14,12.75
184,78,spicy_ital_l,3,2015-01-02,12:28:14,62.25
183,78,ital_cpcllo_m,1,2015-01-02,12:28:14,16
182,78,four_cheese_l,1,2015-01-02,12:28:14,17.95
181,78,classic_dlx_s,1,2015-01-02,12:28:14,12
180,78,big_meat_s,1,2015-01-02,12:28:14,12
188,79,thai_ckn_l,1,2015-01-02,12:29:11,20.75
187,79,pep_msh_pep_s,1,2015-01-02,12:29:11,11
186,79,ital_cpcllo_l,1,2015-01-02,12:29:11,20.5
190,80,thai_ckn_m,1,2015-01-02,12:35:38,16.75
189,80,pepperoni_s,1,2015-01-02,12:35:38,9.75
191,81,thai_ckn_l,1,2015-01-02,12:40:01,20.75
195,82,veggie_veg_m,1,2015-01-02,12:45:51,16
194,82,spicy_ital_l,1,2015-01-02,12:45:51,20.75
193,82,cali_ckn_m,1,2015-01-02,12:45:51,16.75
192,82,big_meat_s,1,2015-01-02,12:45:51,12
196,83,southw_ckn_s,1,2015-01-02,12:53:27,12.75
197,84,pepperoni_l,1,2015-01-02,13:13:41,15.25
201,85,the_greek_m,1,2015-01-02,13:34:49,16
200,85,ital_supr_l,1,2015-01-02,13:34:49,20.75
199,85,classic_dlx_s,1,2015-01-02,13:34:49,12
198,85,classic_dlx_m,1,2015-01-02,13:34:49,16
202,86,hawaiian_l,1,2015-01-02,13:40:31,16.5
206,87,spinach_supr_s,1,2015-01-02,14:01:02,12.5
205,87,spinach_supr_l,1,2015-01-02,14:01:02,20.75
204,87,mexicana_m,1,2015-01-02,14:01:02,16
203,87,ital_cpcllo_m,1,2015-01-02,14:01:02,16
207,88,five_cheese_l,1,2015-01-02,14:10:08,18.5
209,89,thai_ckn_l,1,2015-01-02,14:30:19,20.75
208,89,soppressata_l,1,2015-01-02,14:30:19,20.75
211,90,thai_ckn_s,1,2015-01-02,15:08:48,12.75
210,90,sicilian_l,1,2015-01-02,15:08:48,20.25
214,91,pepperoni_s,1,2015-01-02,15:14:43,9.75
213,91,ckn_pesto_s,1,2015-01-02,15:14:43,12.75
212,91,bbq_ckn_l,2,2015-01-02,15:14:43,41.5
223,92,the_greek_m,2,2015-01-02,15:17:02,32
222,92,spinach_supr_s,1,2015-01-02,15:17:02,12.5
221,92,spinach_fet_s,1,2015-01-02,15:17:02,12
220,92,peppr_salami_m,1,2015-01-02,15:17:02,16.5
219,92,pepperoni_m,1,2015-01-02,15:17:02,12.5
218,92,ital_veggie_s,1,2015-01-02,15:17:02,12.75
217,92,ital_supr_m,1,2015-01-02,15:17:02,16.5
216,92,ital_supr_l,1,2015-01-02,15:17:02,20.75
215,92,bbq_ckn_m,1,2015-01-02,15:17:02,16.75
224,93,sicilian_m,1,2015-01-02,15:29:31,16.25
226,94,southw_ckn_s,1,2015-01-02,16:17:16,12.75
225,94,ital_cpcllo_m,1,2015-01-02,16:17:16,16
228,95,peppr_salami_l,1,2015-01-02,16:18:04,20.75
227,95,napolitana_s,1,2015-01-02,16:18:04,12
229,96,napolitana_s,1,2015-01-02,16:21:20,12
230,97,big_meat_s,1,2015-01-02,16:45:33,12
232,98,napolitana_l,1,2015-01-02,17:18:18,20.5
231,98,classic_dlx_l,1,2015-01-02,17:18:18,20.5
233,99,ital_supr_l,1,2015-01-02,17:45:42,20.75
234,100,hawaiian_l,1,2015-01-02,17:46:17,16.5
238,101,spicy_ital_m,1,2015-01-02,17:51:33,16.5
237,101,soppressata_l,1,2015-01-02,17:51:33,20.75
236,101,pepperoni_l,1,2015-01-02,17:51:33,15.25
235,101,cali_ckn_l,1,2015-01-02,17:51:33,20.75
240,102,prsc_argla_s,1,2015-01-02,17:54:04,12.5
239,102,bbq_ckn_s,1,2015-01-02,17:54:04,12.75
241,103,spinach_supr_s,1,2015-01-02,18:02:09,12.5
245,104,veggie_veg_l,1,2015-01-02,18:02:12,20.25
244,104,ital_veggie_m,1,2015-01-02,18:02:12,16.75
243,104,ckn_alfredo_m,1,2015-01-02,18:02:12,16.75
242,104,bbq_ckn_m,1,2015-01-02,18:02:12,16.75
248,105,prsc_argla_m,1,2015-01-02,18:12:01,16.5
247,105,pepperoni_l,1,2015-01-02,18:12:01,15.25
246,105,hawaiian_s,2,2015-01-02,18:12:01,21
250,106,spicy_ital_l,1,2015-01-02,18:12:13,20.75
249,106,mexicana_l,1,2015-01-02,18:12:13,20.25
254,107,veggie_veg_l,1,2015-01-02,18:25:09,20.25
253,107,spicy_ital_l,1,2015-01-02,18:25:09,20.75
252,107,ital_supr_m,1,2015-01-02,18:25:09,16.5
251,107,cali_ckn_l,1,2015-01-02,18:25:09,20.75
257,108,spinach_supr_l,1,2015-01-02,18:25:25,20.75
256,108,hawaiian_l,1,2015-01-02,18:25:25,16.5
255,108,classic_dlx_l,1,2015-01-02,18:25:25,20.5
261,109,prsc_argla_l,1,2015-01-02,18:27:50,20.75
260,109,pepperoni_m,1,2015-01-02,18:27:50,12.5
259,109,ital_supr_l,1,2015-01-02,18:27:50,20.75
258,109,ital_cpcllo_l,1,2015-01-02,18:27:50,20.5
265,110,spicy_ital_s,1,2015-01-02,18:36:19,12.5
264,110,soppressata_l,1,2015-01-02,18:36:19,20.75
263,110,napolitana_l,1,2015-01-02,18:36:19,20.5
262,110,big_meat_s,1,2015-01-02,18:36:19,12
269,111,spin_pesto_l,1,2015-01-02,18:38:01,20.75
268,111,pepperoni_m,1,2015-01-02,18:38:01,12.5
267,111,five_cheese_l,1,2015-01-02,18:38:01,18.5
266,111,cali_ckn_m,1,2015-01-02,18:38:01,16.75
270,112,pepperoni_s,1,2015-01-02,18:41:40,9.75
273,113,southw_ckn_m,1,2015-01-02,18:50:21,16.75
272,113,mexicana_l,1,2015-01-02,18:50:21,20.25
271,113,cali_ckn_l,1,2015-01-02,18:50:21,20.75
275,114,sicilian_s,1,2015-01-02,18:59:32,12.25
274,114,pepperoni_l,1,2015-01-02,18:59:32,15.25
278,115,thai_ckn_m,1,2015-01-02,19:05:17,16.75
277,115,napolitana_l,1,2015-01-02,19:05:17,20.5
276,115,big_meat_s,1,2015-01-02,19:05:17,12
279,116,five_cheese_l,1,2015-01-02,19:18:49,18.5
281,117,sicilian_l,1,2015-01-02,19:23:02,20.25
280,117,peppr_salami_m,1,2015-01-02,19:23:02,16.5
283,118,spinach_fet_s,1,2015-01-02,19:26:59,12
282,118,prsc_argla_l,1,2015-01-02,19:26:59,20.75
284,119,four_cheese_m,1,2015-01-02,19:32:29,14.75
287,120,spinach_fet_l,1,2015-01-02,19:35:07,20.25
286,120,hawaiian_s,1,2015-01-02,19:35:07,10.5
285,120,classic_dlx_s,1,2015-01-02,19:35:07,12
291,121,southw_ckn_l,1,2015-01-02,19:38:48,20.75
290,121,sicilian_l,1,2015-01-02,19:38:48,20.25
289,121,four_cheese_l,1,2015-01-02,19:38:48,17.95
288,121,bbq_ckn_m,1,2015-01-02,19:38:48,16.75
292,122,ital_supr_m,1,2015-01-02,19:50:19,16.5
293,123,ital_cpcllo_s,1,2015-01-02,20:12:09,12
297,124,the_greek_s,1,2015-01-02,20:12:34,12
296,124,spicy_ital_l,1,2015-01-02,20:12:34,20.75
295,124,sicilian_l,1,2015-01-02,20:12:34,20.25
294,124,bbq_ckn_s,1,2015-01-02,20:12:34,12.75
298,125,the_greek_xl,1,2015-01-02,20:31:06,25.5
299,126,veggie_veg_l,1,2015-01-02,20:53:42,20.25
300,127,pepperoni_m,1,2015-01-02,20:58:23,12.5
301,128,spicy_ital_s,1,2015-01-02,21:05:06,12.5
303,129,the_greek_m,1,2015-01-02,21:13:02,16
302,129,big_meat_s,1,2015-01-02,21:13:02,12
307,130,southw_ckn_s,1,2015-01-02,21:14:55,12.75
306,130,mexicana_m,1,2015-01-02,21:14:55,16
305,130,ital_cpcllo_l,1,2015-01-02,21:14:55,20.5
304,130,hawaiian_s,1,2015-01-02,21:14:55,10.5
311,131,spinach_supr_s,1,2015-01-02,21:33:10,12.5
310,131,green_garden_s,1,2015-01-02,21:33:10,12
309,131,five_cheese_l,1,2015-01-02,21:33:10,18.5
308,131,ckn_pesto_l,1,2015-01-02,21:33:10,20.75
312,132,pepperoni_s,1,2015-01-02,21:42:45,9.75
315,133,the_greek_s,1,2015-01-02,22:00:17,12
314,133,hawaiian_l,1,2015-01-02,22:00:17,16.5
313,133,bbq_ckn_l,1,2015-01-02,22:00:17,20.75
318,134,spinach_supr_s,1,2015-01-02,22:13:24,12.5
317,134,southw_ckn_l,1,2015-01-02,22:13:24,20.75
316,134,big_meat_s,1,2015-01-02,22:13:24,12
319,135,veggie_veg_l,1,2015-01-02,22:29:34,20.25
321,136,peppr_salami_s,1,2015-01-02,22:32:49,12.5
320,136,five_cheese_l,1,2015-01-02,22:32:49,18.5
324,137,spicy_ital_m,1,2015-01-03,11:34:10,16.5
323,137,pepperoni_s,1,2015-01-03,11:34:10,9.75
322,137,mediterraneo_l,1,2015-01-03,11:34:10,20.25
328,138,sicilian_m,1,2015-01-03,11:44:50,16.25
327,138,ital_veggie_l,1,2015-01-03,11:44:50,21
326,138,four_cheese_l,1,2015-01-03,11:44:50,17.95
325,138,cali_ckn_m,1,2015-01-03,11:44:50,16.75
329,139,five_cheese_l,1,2015-01-03,11:57:39,18.5
331,140,veggie_veg_m,1,2015-01-03,12:26:44,16
330,140,prsc_argla_s,1,2015-01-03,12:26:44,12.5
332,141,classic_dlx_m,1,2015-01-03,13:16:01,16
333,142,green_garden_m,1,2015-01-03,13:33:59,16
341,143,veggie_veg_m,1,2015-01-03,13:41:36,16
340,143,thai_ckn_l,1,2015-01-03,13:41:36,20.75
339,143,prsc_argla_s,1,2015-01-03,13:41:36,12.5
338,143,pepperoni_l,1,2015-01-03,13:41:36,15.25
337,143,mexicana_m,1,2015-01-03,13:41:36,16
336,143,hawaiian_l,1,2015-01-03,13:41:36,16.5
335,143,classic_dlx_s,1,2015-01-03,13:41:36,12
334,143,cali_ckn_s,1,2015-01-03,13:41:36,12.75
353,144,veggie_veg_l,1,2015-01-03,13:44:28,20.25
352,144,thai_ckn_m,1,2015-01-03,13:44:28,16.75
351,144,spicy_ital_l,1,2015-01-03,13:44:28,20.75
350,144,southw_ckn_s,1,2015-01-03,13:44:28,12.75
349,144,southw_ckn_l,1,2015-01-03,13:44:28,20.75
348,144,pep_msh_pep_s,1,2015-01-03,13:44:28,11
347,144,four_cheese_l,1,2015-01-03,13:44:28,17.95
346,144,five_cheese_l,1,2015-01-03,13:44:28,18.5
345,144,ckn_pesto_m,1,2015-01-03,13:44:28,16.75
344,144,cali_ckn_l,1,2015-01-03,13:44:28,20.75
343,144,big_meat_s,1,2015-01-03,13:44:28,12
342,144,bbq_ckn_m,3,2015-01-03,13:44:28,50.25
354,145,the_greek_s,1,2015-01-03,13:53:48,12
357,146,hawaiian_m,1,2015-01-03,14:22:10,13.25
356,146,four_cheese_m,1,2015-01-03,14:22:10,14.75
355,146,cali_ckn_l,1,2015-01-03,14:22:10,20.75
358,147,the_greek_xl,1,2015-01-03,14:32:51,25.5
359,148,mediterraneo_s,1,2015-01-03,14:40:42,12
360,149,spinach_fet_m,1,2015-01-03,14:48:45,16
361,150,pepperoni_m,1,2015-01-03,14:49:58,12.5
363,151,spinach_supr_s,1,2015-01-03,15:09:34,12.5
362,151,southw_ckn_l,1,2015-01-03,15:09:34,20.75
367,152,the_greek_m,1,2015-01-03,15:09:42,16
366,152,thai_ckn_s,1,2015-01-03,15:09:42,12.75
365,152,spinach_fet_l,1,2015-01-03,15:09:42,20.25
364,152,hawaiian_s,1,2015-01-03,15:09:42,10.5
368,153,mexicana_m,1,2015-01-03,15:16:34,16
369,154,prsc_argla_s,1,2015-01-03,15:22:43,12.5
373,155,peppr_salami_l,1,2015-01-03,15:28:59,20.75
372,155,pepperoni_l,1,2015-01-03,15:28:59,15.25
371,155,napolitana_l,1,2015-01-03,15:28:59,20.5
370,155,ckn_pesto_s,1,2015-01-03,15:28:59,12.75
375,156,thai_ckn_l,1,2015-01-03,15:42:19,20.75
374,156,napolitana_m,1,2015-01-03,15:42:19,16
379,157,spin_pesto_m,1,2015-01-03,15:43:03,16.5
378,157,sicilian_m,1,2015-01-03,15:43:03,16.25
377,157,mediterraneo_m,1,2015-01-03,15:43:03,16
376,157,ital_supr_l,1,2015-01-03,15:43:03,20.75
381,158,thai_ckn_m,1,2015-01-03,15:54:30,16.75
380,158,ital_veggie_m,1,2015-01-03,15:54:30,16.75
383,159,thai_ckn_m,1,2015-01-03,15:59:22,16.75
382,159,four_cheese_l,1,2015-01-03,15:59:22,17.95
384,160,classic_dlx_m,1,2015-01-03,16:35:33,16
387,161,the_greek_xl,1,2015-01-03,16:43:46,25.5
386,161,spicy_ital_m,1,2015-01-03,16:43:46,16.5
385,161,hawaiian_s,1,2015-01-03,16:43:46,10.5
388,162,big_meat_s,1,2015-01-03,16:51:22,12
391,163,the_greek_m,1,2015-01-03,16:54:54,16
390,163,pepperoni_l,1,2015-01-03,16:54:54,15.25
389,163,hawaiian_m,1,2015-01-03,16:54:54,13.25
393,164,pepperoni_m,1,2015-01-03,16:56:33,12.5
392,164,cali_ckn_l,1,2015-01-03,16:56:33,20.75
394,165,prsc_argla_m,1,2015-01-03,16:57:37,16.5
395,166,prsc_argla_s,1,2015-01-03,16:58:51,12.5
398,167,pepperoni_m,1,2015-01-03,17:00:49,12.5
397,167,ital_supr_m,1,2015-01-03,17:00:49,16.5
396,167,bbq_ckn_l,1,2015-01-03,17:00:49,20.75
400,168,veggie_veg_m,1,2015-01-03,17:02:27,16
399,168,big_meat_s,1,2015-01-03,17:02:27,12
403,169,sicilian_m,1,2015-01-03,17:15:48,16.25
402,169,ital_cpcllo_s,1,2015-01-03,17:15:48,12
401,169,four_cheese_l,1,2015-01-03,17:15:48,17.95
404,170,hawaiian_l,1,2015-01-03,17:21:31,16.5
405,171,napolitana_m,1,2015-01-03,17:23:03,16
408,172,thai_ckn_l,1,2015-01-03,17:29:24,20.75
407,172,spinach_supr_m,1,2015-01-03,17:29:24,16.5
406,172,napolitana_s,1,2015-01-03,17:29:24,12
411,173,veggie_veg_l,1,2015-01-03,17:35:30,20.25
410,173,classic_dlx_m,1,2015-01-03,17:35:30,16
409,173,cali_ckn_m,1,2015-01-03,17:35:30,16.75
415,174,ital_cpcllo_m,1,2015-01-03,17:37:49,16
414,174,cali_ckn_m,1,2015-01-03,17:37:49,16.75
413,174,cali_ckn_l,1,2015-01-03,17:37:49,20.75
412,174,big_meat_s,1,2015-01-03,17:37:49,12
416,175,ital_supr_l,1,2015-01-03,17:50:51,20.75
418,176,peppr_salami_m,1,2015-01-03,17:51:57,16.5
417,176,cali_ckn_l,1,2015-01-03,17:51:57,20.75
420,177,thai_ckn_l,1,2015-01-03,17:54:36,20.75
419,177,napolitana_s,1,2015-01-03,17:54:36,12
421,178,peppr_salami_l,1,2015-01-03,18:15:03,20.75
424,179,veggie_veg_s,1,2015-01-03,18:20:14,12
423,179,sicilian_m,1,2015-01-03,18:20:14,16.25
422,179,hawaiian_l,1,2015-01-03,18:20:14,16.5
426,180,prsc_argla_l,1,2015-01-03,18:33:34,20.75
425,180,classic_dlx_l,1,2015-01-03,18:33:34,20.5
427,181,mexicana_l,1,2015-01-03,18:49:32,20.25
429,182,peppr_salami_l,1,2015-01-03,18:50:10,20.75
428,182,brie_carre_s,1,2015-01-03,18:50:10,23.65
432,183,spin_pesto_s,1,2015-01-03,18:54:55,12.5
431,183,spin_pesto_l,1,2015-01-03,18:54:55,20.75
430,183,napolitana_m,1,2015-01-03,18:54:55,16
433,184,hawaiian_l,1,2015-01-03,18:59:05,16.5
435,185,spin_pesto_s,1,2015-01-03,19:08:33,12.5
434,185,sicilian_m,1,2015-01-03,19:08:33,16.25
439,186,thai_ckn_l,1,2015-01-03,19:36:00,20.75
438,186,spin_pesto_l,1,2015-01-03,19:36:00,20.75
437,186,southw_ckn_l,1,2015-01-03,19:36:00,20.75
436,186,mexicana_l,1,2015-01-03,19:36:00,20.25
441,187,spin_pesto_l,1,2015-01-03,19:37:12,20.75
440,187,five_cheese_l,1,2015-01-03,19:37:12,18.5
444,188,peppr_salami_l,1,2015-01-03,20:08:39,20.75
443,188,pepperoni_s,1,2015-01-03,20:08:39,9.75
442,188,five_cheese_l,1,2015-01-03,20:08:39,18.5
446,189,thai_ckn_s,1,2015-01-03,20:12:14,12.75
445,189,big_meat_s,2,2015-01-03,20:12:14,24
450,190,prsc_argla_l,1,2015-01-03,20:14:23,20.75
449,190,pep_msh_pep_s,1,2015-01-03,20:14:23,11
448,190,four_cheese_m,1,2015-01-03,20:14:23,14.75
447,190,bbq_ckn_l,1,2015-01-03,20:14:23,20.75
452,191,ckn_alfredo_m,1,2015-01-03,20:24:50,16.75
451,191,cali_ckn_l,1,2015-01-03,20:24:50,20.75
454,192,southw_ckn_l,1,2015-01-03,20:30:08,20.75
453,192,sicilian_s,1,2015-01-03,20:30:08,12.25
457,193,ckn_alfredo_l,2,2015-01-03,20:55:47,41.5
456,193,cali_ckn_m,1,2015-01-03,20:55:47,16.75
455,193,big_meat_s,1,2015-01-03,20:55:47,12
458,194,bbq_ckn_s,1,2015-01-03,21:21:24,12.75
459,195,bbq_ckn_l,1,2015-01-03,21:25:20,20.75
462,196,veggie_veg_m,1,2015-01-03,21:40:14,16
461,196,spicy_ital_m,1,2015-01-03,21:40:14,16.5
460,196,sicilian_s,1,2015-01-03,21:40:14,12.25
466,197,soppressata_l,1,2015-01-03,21:47:48,20.75
465,197,ital_veggie_l,1,2015-01-03,21:47:48,21
464,197,ital_cpcllo_l,1,2015-01-03,21:47:48,20.5
463,197,four_cheese_l,1,2015-01-03,21:47:48,17.95
468,198,ckn_alfredo_l,1,2015-01-03,21:55:42,20.75
467,198,big_meat_s,1,2015-01-03,21:55:42,12
469,199,ckn_alfredo_m,1,2015-01-03,22:10:38,16.75
470,200,the_greek_xl,1,2015-01-03,22:24:05,25.5
474,201,the_greek_xl,1,2015-01-03,22:29:59,25.5
473,201,ital_supr_l,1,2015-01-03,22:29:59,20.75
472,201,ckn_pesto_l,1,2015-01-03,22:29:59,20.75
471,201,calabrese_m,1,2015-01-03,22:29:59,16.25
475,202,cali_ckn_s,1,2015-01-03,22:50:29,12.75
479,203,the_greek_s,1,2015-01-04,11:30:48,12
478,203,pep_msh_pep_l,1,2015-01-04,11:30:48,17.5
477,203,ital_veggie_m,1,2015-01-04,11:30:48,16.75
476,203,cali_ckn_l,1,2015-01-04,11:30:48,20.75
480,204,spicy_ital_l,1,2015-01-04,11:36:25,20.75
483,205,prsc_argla_s,1,2015-01-04,11:43:54,12.5
482,205,ckn_alfredo_m,1,2015-01-04,11:43:54,16.75
481,205,cali_ckn_s,1,2015-01-04,11:43:54,12.75
486,206,spicy_ital_l,1,2015-01-04,11:45:10,20.75
485,206,pepperoni_s,1,2015-01-04,11:45:10,9.75
484,206,napolitana_m,1,2015-01-04,11:45:10,16
487,207,spicy_ital_l,1,2015-01-04,12:03:58,20.75
492,208,the_greek_m,1,2015-01-04,12:12:05,16
491,208,pepperoni_m,1,2015-01-04,12:12:05,12.5
490,208,ckn_alfredo_m,1,2015-01-04,12:12:05,16.75
489,208,bbq_ckn_s,1,2015-01-04,12:12:05,12.75
488,208,bbq_ckn_l,1,2015-01-04,12:12:05,20.75
493,209,cali_ckn_l,1,2015-01-04,12:29:17,20.75
494,210,spinach_fet_s,1,2015-01-04,12:34:13,12
495,211,pepperoni_s,1,2015-01-04,12:54:20,9.75
496,212,ital_cpcllo_l,1,2015-01-04,13:16:03,20.5
497,213,four_cheese_l,1,2015-01-04,13:20:39,17.95
501,214,spin_pesto_m,1,2015-01-04,13:39:16,16.5
500,214,mexicana_s,1,2015-01-04,13:39:16,12
499,214,ital_supr_m,1,2015-01-04,13:39:16,16.5
498,214,ital_cpcllo_l,1,2015-01-04,13:39:16,20.5
502,215,green_garden_s,1,2015-01-04,13:44:49,12
505,216,hawaiian_l,1,2015-01-04,14:31:56,16.5
504,216,five_cheese_l,1,2015-01-04,14:31:56,18.5
503,216,bbq_ckn_m,1,2015-01-04,14:31:56,16.75
507,217,spinach_fet_s,1,2015-01-04,14:35:03,12
506,217,classic_dlx_m,1,2015-01-04,14:35:03,16
508,218,spicy_ital_m,1,2015-01-04,14:35:11,16.5
512,219,spinach_fet_m,1,2015-01-04,14:42:01,16
511,219,peppr_salami_m,1,2015-01-04,14:42:01,16.5
510,219,five_cheese_l,1,2015-01-04,14:42:01,18.5
509,219,bbq_ckn_l,1,2015-01-04,14:42:01,20.75
516,220,spicy_ital_l,1,2015-01-04,15:31:59,20.75
515,220,napolitana_l,1,2015-01-04,15:31:59,20.5
514,220,ital_cpcllo_s,1,2015-01-04,15:31:59,12
513,220,hawaiian_s,1,2015-01-04,15:31:59,10.5
519,221,the_greek_s,1,2015-01-04,15:33:18,12
518,221,prsc_argla_m,1,2015-01-04,15:33:18,16.5
517,221,five_cheese_l,1,2015-01-04,15:33:18,18.5
521,222,sicilian_s,1,2015-01-04,15:46:38,12.25
520,222,four_cheese_l,1,2015-01-04,15:46:38,17.95
522,223,pep_msh_pep_s,1,2015-01-04,16:08:20,11
526,224,thai_ckn_l,1,2015-01-04,16:39:58,20.75
525,224,napolitana_m,1,2015-01-04,16:39:58,16
524,224,ital_supr_m,1,2015-01-04,16:39:58,16.5
523,224,ckn_alfredo_s,1,2015-01-04,16:39:58,12.75
529,225,southw_ckn_s,1,2015-01-04,16:41:48,12.75
528,225,bbq_ckn_m,1,2015-01-04,16:41:48,16.75
527,225,bbq_ckn_l,1,2015-01-04,16:41:48,20.75
530,226,classic_dlx_l,1,2015-01-04,16:59:39,20.5
532,227,the_greek_m,1,2015-01-04,17:24:39,16
531,227,bbq_ckn_m,1,2015-01-04,17:24:39,16.75
533,228,ital_veggie_s,1,2015-01-04,17:31:24,12.75
536,229,spin_pesto_s,1,2015-01-04,17:37:57,12.5
535,229,prsc_argla_l,1,2015-01-04,17:37:57,20.75
534,229,ital_veggie_l,1,2015-01-04,17:37:57,21
537,230,thai_ckn_m,1,2015-01-04,17:58:38,16.75
540,231,prsc_argla_s,1,2015-01-04,18:04:18,12.5
539,231,napolitana_s,1,2015-01-04,18:04:18,12
538,231,cali_ckn_l,1,2015-01-04,18:04:18,20.75
542,232,spinach_supr_l,1,2015-01-04,18:21:59,20.75
541,232,bbq_ckn_m,1,2015-01-04,18:21:59,16.75
543,233,spinach_fet_s,1,2015-01-04,18:26:51,12
546,234,napolitana_m,1,2015-01-04,18:36:09,16
545,234,ital_supr_s,1,2015-01-04,18:36:09,12.5
544,234,ckn_alfredo_m,1,2015-01-04,18:36:09,16.75
547,235,cali_ckn_m,1,2015-01-04,18:51:30,16.75
549,236,green_garden_m,1,2015-01-04,19:21:04,16
548,236,classic_dlx_l,1,2015-01-04,19:21:04,20.5
550,237,green_garden_s,1,2015-01-04,19:27:48,12
551,238,spin_pesto_l,1,2015-01-04,19:45:15,20.75
553,239,thai_ckn_m,1,2015-01-04,19:57:52,16.75
552,239,ital_supr_l,1,2015-01-04,19:57:52,20.75
554,240,four_cheese_m,1,2015-01-04,20:10:24,14.75
556,241,spinach_supr_l,1,2015-01-04,20:11:25,20.75
555,241,sicilian_m,1,2015-01-04,20:11:25,16.25
559,242,veggie_veg_m,1,2015-01-04,20:15:29,16
558,242,thai_ckn_l,1,2015-01-04,20:15:29,20.75
557,242,calabrese_m,1,2015-01-04,20:15:29,16.25
561,243,spinach_supr_s,1,2015-01-04,20:26:17,12.5
560,243,classic_dlx_l,1,2015-01-04,20:26:17,20.5
563,244,spicy_ital_l,1,2015-01-04,20:26:22,20.75
562,244,ital_supr_s,1,2015-01-04,20:26:22,12.5
565,245,ckn_pesto_l,1,2015-01-04,20:28:41,20.75
564,245,bbq_ckn_l,1,2015-01-04,20:28:41,20.75
567,246,pepperoni_l,1,2015-01-04,20:30:48,15.25
566,246,ckn_alfredo_m,1,2015-01-04,20:30:48,16.75
570,247,spinach_supr_s,1,2015-01-04,20:55:29,12.5
569,247,sicilian_m,1,2015-01-04,20:55:29,16.25
568,247,hawaiian_m,1,2015-01-04,20:55:29,13.25
572,248,thai_ckn_l,1,2015-01-04,20:58:19,20.75
571,248,hawaiian_s,1,2015-01-04,20:58:19,10.5
574,249,calabrese_s,1,2015-01-04,21:06:16,12.25
573,249,bbq_ckn_l,1,2015-01-04,21:06:16,20.75
575,250,four_cheese_m,1,2015-01-04,21:07:05,14.75
576,251,mexicana_m,1,2015-01-04,21:10:05,16
577,252,prsc_argla_m,1,2015-01-04,22:13:15,16.5
578,253,brie_carre_s,1,2015-01-04,22:16:18,23.65
581,254,five_cheese_l,1,2015-01-04,22:22:13,18.5
580,254,brie_carre_s,1,2015-01-04,22:22:13,23.65
579,254,bbq_ckn_l,1,2015-01-04,22:22:13,20.75
585,255,spinach_fet_m,1,2015-01-05,11:23:35,16
584,255,hawaiian_l,1,2015-01-05,11:23:35,16.5
583,255,green_garden_m,1,2015-01-05,11:23:35,16
582,255,five_cheese_l,1,2015-01-05,11:23:35,18.5
586,256,pep_msh_pep_l,1,2015-01-05,11:56:06,17.5
588,257,ckn_alfredo_l,1,2015-01-05,11:59:04,20.75
587,257,cali_ckn_l,1,2015-01-05,11:59:04,20.75
589,258,classic_dlx_m,1,2015-01-05,11:59:23,16
590,259,pepperoni_l,1,2015-01-05,12:04:25,15.25
592,260,the_greek_l,1,2015-01-05,12:06:27,20.5
591,260,five_cheese_l,1,2015-01-05,12:06:27,18.5
593,261,brie_carre_s,1,2015-01-05,12:38:29,23.65
594,262,cali_ckn_m,1,2015-01-05,12:42:01,16.75
595,263,spin_pesto_l,1,2015-01-05,12:57:22,20.75
596,264,mexicana_m,1,2015-01-05,13:03:59,16
600,265,spicy_ital_l,1,2015-01-05,13:04:42,20.75
599,265,sicilian_m,1,2015-01-05,13:04:42,16.25
598,265,mexicana_l,1,2015-01-05,13:04:42,20.25
597,265,ckn_alfredo_m,1,2015-01-05,13:04:42,16.75
601,266,peppr_salami_m,1,2015-01-05,13:09:29,16.5
604,267,napolitana_s,1,2015-01-05,13:37:50,12
603,267,mediterraneo_l,1,2015-01-05,13:37:50,20.25
602,267,four_cheese_l,1,2015-01-05,13:37:50,17.95
606,268,pepperoni_s,1,2015-01-05,13:40:46,9.75
605,268,ital_supr_l,1,2015-01-05,13:40:46,20.75
607,269,ckn_alfredo_m,1,2015-01-05,13:49:34,16.75
610,270,thai_ckn_l,1,2015-01-05,14:09:02,20.75
609,270,spin_pesto_l,1,2015-01-05,14:09:02,20.75
608,270,southw_ckn_l,1,2015-01-05,14:09:02,20.75
620,271,the_greek_s,1,2015-01-05,14:22:19,12
619,271,southw_ckn_m,1,2015-01-05,14:22:19,16.75
618,271,soppressata_m,1,2015-01-05,14:22:19,16.5
617,271,sicilian_s,1,2015-01-05,14:22:19,12.25
616,271,ital_supr_m,1,2015-01-05,14:22:19,16.5
615,271,classic_dlx_m,1,2015-01-05,14:22:19,16
614,271,ckn_pesto_l,2,2015-01-05,14:22:19,41.5
613,271,ckn_alfredo_m,2,2015-01-05,14:22:19,33.5
612,271,cali_ckn_m,2,2015-01-05,14:22:19,33.5
611,271,big_meat_s,1,2015-01-05,14:22:19,12
621,272,ital_supr_m,1,2015-01-05,14:24:05,16.5
622,273,soppressata_s,1,2015-01-05,14:28:00,12.5
624,274,thai_ckn_l,1,2015-01-05,14:36:33,20.75
623,274,four_cheese_l,1,2015-01-05,14:36:33,17.95
628,275,sicilian_m,1,2015-01-05,14:38:14,16.25
627,275,pepperoni_s,1,2015-01-05,14:38:14,9.75
626,275,five_cheese_l,1,2015-01-05,14:38:14,18.5
625,275,classic_dlx_l,1,2015-01-05,14:38:14,20.5
630,276,spicy_ital_l,1,2015-01-05,15:18:18,20.75
629,276,five_cheese_l,1,2015-01-05,15:18:18,18.5
631,277,four_cheese_m,1,2015-01-05,15:41:50,14.75
633,278,southw_ckn_l,1,2015-01-05,15:49:21,20.75
632,278,ital_veggie_m,1,2015-01-05,15:49:21,16.75
635,279,ckn_alfredo_m,1,2015-01-05,16:07:03,16.75
634,279,cali_ckn_m,1,2015-01-05,16:07:03,16.75
637,280,veggie_veg_m,1,2015-01-05,16:20:23,16
636,280,prsc_argla_m,1,2015-01-05,16:20:23,16.5
638,281,sicilian_s,1,2015-01-05,16:33:48,12.25
642,282,spin_pesto_l,1,2015-01-05,16:49:38,20.75
641,282,peppr_salami_l,1,2015-01-05,16:49:38,20.75
640,282,five_cheese_l,1,2015-01-05,16:49:38,18.5
639,282,classic_dlx_s,1,2015-01-05,16:49:38,12
643,283,napolitana_m,1,2015-01-05,16:51:43,16
646,284,napolitana_m,1,2015-01-05,16:58:16,16
645,284,hawaiian_s,1,2015-01-05,16:58:16,10.5
644,284,four_cheese_m,1,2015-01-05,16:58:16,14.75
647,285,prsc_argla_l,1,2015-01-05,16:58:38,20.75
649,286,peppr_salami_l,1,2015-01-05,17:01:23,20.75
648,286,ital_supr_m,1,2015-01-05,17:01:23,16.5
653,287,sicilian_s,1,2015-01-05,17:30:09,12.25
652,287,pepperoni_m,1,2015-01-05,17:30:09,12.5
651,287,pep_msh_pep_m,1,2015-01-05,17:30:09,14.5
650,287,ital_supr_m,1,2015-01-05,17:30:09,16.5
656,288,spinach_supr_l,1,2015-01-05,17:32:44,20.75
655,288,prsc_argla_l,1,2015-01-05,17:32:44,20.75
654,288,brie_carre_s,1,2015-01-05,17:32:44,23.65
657,289,five_cheese_l,1,2015-01-05,17:36:23,18.5
659,290,veggie_veg_m,1,2015-01-05,17:41:16,16
658,290,classic_dlx_s,1,2015-01-05,17:41:16,12
662,291,four_cheese_m,1,2015-01-05,17:44:39,14.75
661,291,ckn_alfredo_m,2,2015-01-05,17:44:39,33.5
660,291,bbq_ckn_l,1,2015-01-05,17:44:39,20.75
664,292,spinach_fet_l,1,2015-01-05,17:48:59,20.25
663,292,spin_pesto_m,1,2015-01-05,17:48:59,16.5
666,293,ital_veggie_s,1,2015-01-05,17:58:38,12.75
665,293,classic_dlx_s,1,2015-01-05,17:58:38,12
669,294,thai_ckn_l,1,2015-01-05,18:16:35,20.75
668,294,ital_supr_l,1,2015-01-05,18:16:35,20.75
667,294,bbq_ckn_m,1,2015-01-05,18:16:35,16.75
670,295,cali_ckn_m,1,2015-01-05,18:20:12,16.75
673,296,thai_ckn_m,1,2015-01-05,18:46:54,16.75
672,296,ital_cpcllo_s,1,2015-01-05,18:46:54,12
671,296,green_garden_s,1,2015-01-05,18:46:54,12
674,297,southw_ckn_m,1,2015-01-05,19:02:18,16.75
678,298,classic_dlx_s,1,2015-01-05,19:10:36,12
677,298,ckn_alfredo_m,1,2015-01-05,19:10:36,16.75
676,298,cali_ckn_s,1,2015-01-05,19:10:36,12.75
675,298,cali_ckn_m,1,2015-01-05,19:10:36,16.75
680,299,spinach_fet_m,1,2015-01-05,19:34:31,16
679,299,classic_dlx_s,1,2015-01-05,19:34:31,12
684,300,spinach_supr_s,1,2015-01-05,19:42:54,12.5
683,300,ital_veggie_s,1,2015-01-05,19:42:54,12.75
682,300,ital_cpcllo_s,1,2015-01-05,19:42:54,12
681,300,big_meat_s,1,2015-01-05,19:42:54,12
685,301,napolitana_l,1,2015-01-05,19:45:58,20.5
686,302,peppr_salami_l,1,2015-01-05,19:57:37,20.75
689,303,pepperoni_s,1,2015-01-05,20:02:51,9.75
688,303,ital_cpcllo_m,1,2015-01-05,20:02:51,16
687,303,big_meat_s,1,2015-01-05,20:02:51,12
691,304,mexicana_l,1,2015-01-05,20:07:58,20.25
690,304,hawaiian_s,1,2015-01-05,20:07:58,10.5
694,305,spicy_ital_m,1,2015-01-05,20:35:40,16.5
693,305,sicilian_s,1,2015-01-05,20:35:40,12.25
692,305,pepperoni_l,1,2015-01-05,20:35:40,15.25
697,306,napolitana_m,1,2015-01-05,20:37:40,16
696,306,hawaiian_s,1,2015-01-05,20:37:40,10.5
695,306,big_meat_s,1,2015-01-05,20:37:40,12
699,307,thai_ckn_m,1,2015-01-05,21:45:38,16.75
698,307,classic_dlx_l,1,2015-01-05,21:45:38,20.5
702,308,thai_ckn_s,1,2015-01-05,21:59:46,12.75
701,308,pep_msh_pep_l,1,2015-01-05,21:59:46,17.5
700,308,hawaiian_l,1,2015-01-05,21:59:46,16.5
704,309,peppr_salami_m,1,2015-01-06,11:39:06,16.5
703,309,five_cheese_l,1,2015-01-06,11:39:06,18.5
706,310,thai_ckn_s,1,2015-01-06,11:40:48,12.75
705,310,hawaiian_s,1,2015-01-06,11:40:48,10.5
707,311,sicilian_l,1,2015-01-06,11:57:27,20.25
711,312,sicilian_m,1,2015-01-06,12:05:21,16.25
710,312,ckn_alfredo_m,1,2015-01-06,12:05:21,16.75
709,312,brie_carre_s,1,2015-01-06,12:05:21,23.65
708,312,big_meat_s,1,2015-01-06,12:05:21,12
712,313,classic_dlx_m,1,2015-01-06,12:09:09,16
717,314,veggie_veg_m,1,2015-01-06,12:11:58,16
716,314,hawaiian_m,1,2015-01-06,12:11:58,13.25
715,314,green_garden_m,1,2015-01-06,12:11:58,16
714,314,five_cheese_l,1,2015-01-06,12:11:58,18.5
713,314,calabrese_m,1,2015-01-06,12:11:58,16.25
718,315,classic_dlx_m,1,2015-01-06,12:17:40,16
720,316,ital_supr_m,1,2015-01-06,12:29:34,16.5
719,316,hawaiian_s,1,2015-01-06,12:29:34,10.5
727,317,spinach_fet_s,1,2015-01-06,12:31:00,12
726,317,prsc_argla_s,1,2015-01-06,12:31:00,12.5
725,317,pep_msh_pep_l,1,2015-01-06,12:31:00,17.5
724,317,hawaiian_s,1,2015-01-06,12:31:00,10.5
723,317,four_cheese_l,1,2015-01-06,12:31:00,17.95
722,317,classic_dlx_m,1,2015-01-06,12:31:00,16
721,317,cali_ckn_s,1,2015-01-06,12:31:00,12.75
731,318,spicy_ital_l,1,2015-01-06,12:45:14,20.75
730,318,soppressata_s,1,2015-01-06,12:45:14,12.5
729,318,mexicana_l,1,2015-01-06,12:45:14,20.25
728,318,ital_cpcllo_l,1,2015-01-06,12:45:14,20.5
732,319,ital_supr_m,1,2015-01-06,12:46:22,16.5
734,320,ckn_pesto_l,1,2015-01-06,12:46:40,20.75
733,320,cali_ckn_m,1,2015-01-06,12:46:40,16.75
735,321,ital_supr_l,1,2015-01-06,12:56:21,20.75
739,322,thai_ckn_l,1,2015-01-06,13:02:13,20.75
738,322,classic_dlx_s,1,2015-01-06,13:02:13,12
737,322,ckn_pesto_l,1,2015-01-06,13:02:13,20.75
736,322,cali_ckn_l,1,2015-01-06,13:02:13,20.75
740,323,classic_dlx_m,1,2015-01-06,13:05:33,16
741,324,five_cheese_l,1,2015-01-06,13:06:44,18.5
743,325,veggie_veg_s,1,2015-01-06,13:07:32,12
742,325,classic_dlx_s,1,2015-01-06,13:07:32,12
745,326,spinach_supr_l,1,2015-01-06,13:10:13,20.75
744,326,cali_ckn_m,1,2015-01-06,13:10:13,16.75
746,327,classic_dlx_m,1,2015-01-06,13:10:54,16
747,328,mediterraneo_l,1,2015-01-06,13:16:35,20.25
749,329,spinach_supr_m,1,2015-01-06,13:22:44,16.5
748,329,spicy_ital_l,1,2015-01-06,13:22:44,20.75
763,330,the_greek_m,1,2015-01-06,13:27:11,16
762,330,spinach_fet_l,1,2015-01-06,13:27:11,20.25
761,330,spicy_ital_m,1,2015-01-06,13:27:11,16.5
760,330,spicy_ital_l,1,2015-01-06,13:27:11,20.75
759,330,sicilian_l,1,2015-01-06,13:27:11,20.25
758,330,peppr_salami_s,1,2015-01-06,13:27:11,12.5
757,330,pep_msh_pep_l,1,2015-01-06,13:27:11,17.5
756,330,hawaiian_l,1,2015-01-06,13:27:11,16.5
755,330,four_cheese_l,2,2015-01-06,13:27:11,35.9
754,330,five_cheese_l,1,2015-01-06,13:27:11,18.5
753,330,classic_dlx_s,1,2015-01-06,13:27:11,12
752,330,classic_dlx_m,1,2015-01-06,13:27:11,16
751,330,ckn_alfredo_m,1,2015-01-06,13:27:11,16.75
750,330,big_meat_s,1,2015-01-06,13:27:11,12
764,331,prsc_argla_m,1,2015-01-06,13:43:30,16.5
767,332,thai_ckn_m,1,2015-01-06,14:12:01,16.75
766,332,southw_ckn_l,1,2015-01-06,14:12:01,20.75
765,332,sicilian_m,1,2015-01-06,14:12:01,16.25
768,333,ckn_alfredo_m,1,2015-01-06,14:16:36,16.75
772,334,thai_ckn_l,1,2015-01-06,14:24:18,20.75
771,334,southw_ckn_m,1,2015-01-06,14:24:18,16.75
770,334,pepperoni_m,1,2015-01-06,14:24:18,12.5
769,334,calabrese_l,1,2015-01-06,14:24:18,20.25
773,335,mediterraneo_l,1,2015-01-06,14:24:47,20.25
774,336,prsc_argla_l,1,2015-01-06,14:51:41,20.75
776,337,pepperoni_l,1,2015-01-06,15:03:12,15.25
775,337,hawaiian_l,1,2015-01-06,15:03:12,16.5
779,338,the_greek_xl,1,2015-01-06,15:18:26,25.5
778,338,thai_ckn_l,1,2015-01-06,15:18:26,20.75
777,338,mexicana_l,1,2015-01-06,15:18:26,20.25
780,339,spicy_ital_m,1,2015-01-06,15:25:13,16.5
781,340,peppr_salami_s,1,2015-01-06,15:35:32,12.5
783,341,pepperoni_s,1,2015-01-06,15:35:47,9.75
782,341,bbq_ckn_m,1,2015-01-06,15:35:47,16.75
785,342,southw_ckn_l,1,2015-01-06,15:44:12,20.75
784,342,sicilian_l,1,2015-01-06,15:44:12,20.25
787,343,four_cheese_m,1,2015-01-06,15:45:37,14.75
786,343,five_cheese_l,1,2015-01-06,15:45:37,18.5
788,344,ital_cpcllo_m,1,2015-01-06,16:01:11,16
790,345,spinach_fet_s,1,2015-01-06,16:01:47,12
789,345,peppr_salami_s,1,2015-01-06,16:01:47,12.5
794,346,napolitana_s,1,2015-01-06,16:30:00,12
793,346,ital_cpcllo_l,1,2015-01-06,16:30:00,20.5
792,346,hawaiian_s,1,2015-01-06,16:30:00,10.5
791,346,green_garden_s,1,2015-01-06,16:30:00,12
797,347,veggie_veg_m,1,2015-01-06,16:37:17,16
796,347,thai_ckn_l,1,2015-01-06,16:37:17,20.75
795,347,spinach_fet_l,1,2015-01-06,16:37:17,20.25
800,348,thai_ckn_s,1,2015-01-06,16:49:12,12.75
799,348,thai_ckn_l,1,2015-01-06,16:49:12,20.75
798,348,classic_dlx_m,1,2015-01-06,16:49:12,16
801,349,pepperoni_l,1,2015-01-06,17:25:58,15.25
804,350,spicy_ital_s,1,2015-01-06,17:37:05,12.5
803,350,pepperoni_m,2,2015-01-06,17:37:05,25
802,350,classic_dlx_l,1,2015-01-06,17:37:05,20.5
806,351,hawaiian_m,1,2015-01-06,17:37:29,13.25
805,351,big_meat_s,1,2015-01-06,17:37:29,12
808,352,ital_cpcllo_l,1,2015-01-06,17:45:48,20.5
807,352,big_meat_s,1,2015-01-06,17:45:48,12
811,353,prsc_argla_s,1,2015-01-06,17:59:48,12.5
810,353,cali_ckn_l,1,2015-01-06,17:59:48,20.75
809,353,bbq_ckn_l,1,2015-01-06,17:59:48,20.75
813,354,veggie_veg_l,1,2015-01-06,18:01:44,20.25
812,354,green_garden_s,1,2015-01-06,18:01:44,12
815,355,ital_supr_m,1,2015-01-06,18:14:45,16.5
814,355,ckn_alfredo_m,1,2015-01-06,18:14:45,16.75
816,356,ckn_alfredo_m,1,2015-01-06,18:16:05,16.75
819,357,spinach_fet_s,1,2015-01-06,18:27:58,12
818,357,southw_ckn_s,1,2015-01-06,18:27:58,12.75
817,357,cali_ckn_l,1,2015-01-06,18:27:58,20.75
820,358,ital_supr_m,1,2015-01-06,18:30:12,16.5
822,359,thai_ckn_l,1,2015-01-06,18:33:08,20.75
821,359,green_garden_m,1,2015-01-06,18:33:08,16
825,360,hawaiian_s,1,2015-01-06,18:50:38,10.5
824,360,green_garden_s,1,2015-01-06,18:50:38,12
823,360,bbq_ckn_l,1,2015-01-06,18:50:38,20.75
827,361,ital_cpcllo_s,1,2015-01-06,19:12:38,12
826,361,big_meat_s,2,2015-01-06,19:12:38,24
829,362,mexicana_l,1,2015-01-06,19:13:36,20.25
828,362,bbq_ckn_m,1,2015-01-06,19:13:36,16.75
831,363,mexicana_l,1,2015-01-06,19:20:31,20.25
830,363,mediterraneo_l,1,2015-01-06,19:20:31,20.25
833,364,the_greek_xl,1,2015-01-06,19:27:24,25.5
832,364,ital_supr_m,1,2015-01-06,19:27:24,16.5
836,365,pepperoni_m,1,2015-01-06,19:37:26,12.5
835,365,mediterraneo_l,1,2015-01-06,19:37:26,20.25
834,365,four_cheese_m,1,2015-01-06,19:37:26,14.75
837,366,ital_cpcllo_l,1,2015-01-06,20:04:20,20.5
839,367,spinach_fet_m,1,2015-01-06,20:05:12,16
838,367,hawaiian_l,1,2015-01-06,20:05:12,16.5
841,368,thai_ckn_l,1,2015-01-06,20:28:16,20.75
840,368,spin_pesto_m,1,2015-01-06,20:28:16,16.5
842,369,spinach_fet_m,1,2015-01-06,20:30:06,16
844,370,hawaiian_s,1,2015-01-06,21:02:30,10.5
843,370,four_cheese_l,1,2015-01-06,21:02:30,17.95
845,371,pepperoni_m,1,2015-01-06,21:15:20,12.5
846,372,spinach_fet_s,1,2015-01-06,22:26:59,12
849,373,sicilian_l,1,2015-01-07,11:45:18,20.25
848,373,classic_dlx_m,1,2015-01-07,11:45:18,16
847,373,ckn_pesto_s,1,2015-01-07,11:45:18,12.75
852,374,peppr_salami_s,1,2015-01-07,11:55:59,12.5
851,374,ckn_alfredo_m,1,2015-01-07,11:55:59,16.75
850,374,big_meat_s,1,2015-01-07,11:55:59,12
853,375,mexicana_m,1,2015-01-07,11:58:36,16
855,376,veggie_veg_l,1,2015-01-07,12:01:17,20.25
854,376,the_greek_xl,1,2015-01-07,12:01:17,25.5
857,377,thai_ckn_l,1,2015-01-07,12:03:18,20.75
856,377,hawaiian_m,1,2015-01-07,12:03:18,13.25
858,378,ital_veggie_s,1,2015-01-07,12:19:37,12.75
859,379,thai_ckn_l,1,2015-01-07,12:25:37,20.75
861,380,cali_ckn_m,1,2015-01-07,12:32:10,16.75
860,380,calabrese_m,1,2015-01-07,12:32:10,16.25
862,381,southw_ckn_m,1,2015-01-07,12:33:06,16.75
864,382,veggie_veg_m,1,2015-01-07,12:33:07,16
863,382,thai_ckn_s,1,2015-01-07,12:33:07,12.75
865,383,spicy_ital_m,1,2015-01-07,12:43:59,16.5
869,384,the_greek_s,1,2015-01-07,12:51:46,12
868,384,mediterraneo_m,1,2015-01-07,12:51:46,16
867,384,ital_cpcllo_m,1,2015-01-07,12:51:46,16
866,384,hawaiian_s,1,2015-01-07,12:51:46,10.5
870,385,veggie_veg_l,1,2015-01-07,12:54:19,20.25
873,386,thai_ckn_m,1,2015-01-07,12:58:16,16.75
872,386,soppressata_m,1,2015-01-07,12:58:16,16.5
871,386,ital_veggie_s,1,2015-01-07,12:58:16,12.75
880,387,spinach_fet_s,1,2015-01-07,13:03:14,12
879,387,spicy_ital_l,1,2015-01-07,13:03:14,20.75
878,387,pepperoni_s,1,2015-01-07,13:03:14,9.75
877,387,five_cheese_l,1,2015-01-07,13:03:14,18.5
876,387,ckn_pesto_m,1,2015-01-07,13:03:14,16.75
875,387,big_meat_s,1,2015-01-07,13:03:14,12
874,387,bbq_ckn_s,1,2015-01-07,13:03:14,12.75
884,388,veggie_veg_s,1,2015-01-07,13:04:56,12
883,388,mediterraneo_m,1,2015-01-07,13:04:56,16
882,388,ckn_alfredo_m,1,2015-01-07,13:04:56,16.75
881,388,bbq_ckn_s,1,2015-01-07,13:04:56,12.75
885,389,spin_pesto_l,1,2015-01-07,13:10:17,20.75
886,390,pep_msh_pep_l,1,2015-01-07,13:15:32,17.5
887,391,the_greek_m,1,2015-01-07,13:25:31,16
895,392,spicy_ital_l,1,2015-01-07,13:36:47,20.75
894,392,soppressata_l,1,2015-01-07,13:36:47,20.75
893,392,sicilian_l,1,2015-01-07,13:36:47,20.25
892,392,prsc_argla_l,1,2015-01-07,13:36:47,20.75
891,392,pepperoni_s,2,2015-01-07,13:36:47,19.5
890,392,cali_ckn_l,1,2015-01-07,13:36:47,20.75
889,392,calabrese_s,1,2015-01-07,13:36:47,12.25
888,392,big_meat_s,1,2015-01-07,13:36:47,12
897,393,hawaiian_l,1,2015-01-07,13:48:31,16.5
896,393,green_garden_s,1,2015-01-07,13:48:31,12
909,394,veggie_veg_s,1,2015-01-07,14:02:18,12
908,394,thai_ckn_l,1,2015-01-07,14:02:18,20.75
907,394,spin_pesto_s,1,2015-01-07,14:02:18,12.5
906,394,spicy_ital_l,1,2015-01-07,14:02:18,20.75
905,394,sicilian_l,1,2015-01-07,14:02:18,20.25
904,394,pepperoni_s,1,2015-01-07,14:02:18,9.75
903,394,pepperoni_m,3,2015-01-07,14:02:18,37.5
902,394,pep_msh_pep_l,1,2015-01-07,14:02:18,17.5
901,394,hawaiian_s,1,2015-01-07,14:02:18,10.5
900,394,hawaiian_l,1,2015-01-07,14:02:18,16.5
899,394,ckn_pesto_s,1,2015-01-07,14:02:18,12.75
898,394,big_meat_s,1,2015-01-07,14:02:18,12
910,395,napolitana_m,1,2015-01-07,14:11:08,16
911,396,spinach_fet_s,1,2015-01-07,14:12:21,12
914,397,pepperoni_m,1,2015-01-07,14:31:10,12.5
913,397,hawaiian_l,1,2015-01-07,14:31:10,16.5
912,397,five_cheese_l,2,2015-01-07,14:31:10,37
915,398,pepperoni_s,1,2015-01-07,14:56:26,9.75
919,399,the_greek_m,1,2015-01-07,15:47:49,16
918,399,four_cheese_m,1,2015-01-07,15:47:49,14.75
917,399,cali_ckn_l,1,2015-01-07,15:47:49,20.75
916,399,bbq_ckn_m,1,2015-01-07,15:47:49,16.75
921,400,thai_ckn_l,1,2015-01-07,16:03:07,20.75
920,400,pepperoni_m,1,2015-01-07,16:03:07,12.5
922,401,veggie_veg_m,1,2015-01-07,16:08:35,16
924,402,ital_supr_m,1,2015-01-07,16:24:46,16.5
923,402,four_cheese_l,1,2015-01-07,16:24:46,17.95
927,403,prsc_argla_s,1,2015-01-07,16:26:10,12.5
926,403,classic_dlx_l,1,2015-01-07,16:26:10,20.5
925,403,bbq_ckn_s,1,2015-01-07,16:26:10,12.75
928,404,ckn_pesto_l,1,2015-01-07,16:39:27,20.75
929,405,sicilian_l,1,2015-01-07,16:44:16,20.25
932,406,ital_veggie_s,1,2015-01-07,16:50:49,12.75
931,406,classic_dlx_m,1,2015-01-07,16:50:49,16
930,406,ckn_alfredo_m,1,2015-01-07,16:50:49,16.75
935,407,pepperoni_m,1,2015-01-07,16:56:42,12.5
934,407,classic_dlx_l,1,2015-01-07,16:56:42,20.5
933,407,cali_ckn_m,1,2015-01-07,16:56:42,16.75
937,408,peppr_salami_m,1,2015-01-07,17:09:09,16.5
936,408,brie_carre_s,1,2015-01-07,17:09:09,23.65
938,409,pepperoni_l,1,2015-01-07,17:15:04,15.25
941,410,the_greek_xl,1,2015-01-07,17:33:49,25.5
940,410,mediterraneo_m,1,2015-01-07,17:33:49,16
939,410,big_meat_s,2,2015-01-07,17:33:49,24
943,411,southw_ckn_l,1,2015-01-07,17:58:09,20.75
942,411,ital_supr_m,1,2015-01-07,17:58:09,16.5
945,412,spinach_supr_m,1,2015-01-07,18:07:46,16.5
944,412,brie_carre_s,1,2015-01-07,18:07:46,23.65
946,413,the_greek_s,1,2015-01-07,18:11:32,12
949,414,ital_supr_m,1,2015-01-07,18:13:22,16.5
948,414,five_cheese_l,1,2015-01-07,18:13:22,18.5
947,414,classic_dlx_s,1,2015-01-07,18:13:22,12
950,415,cali_ckn_s,1,2015-01-07,18:16:23,12.75
951,416,spinach_fet_l,1,2015-01-07,18:17:42,20.25
952,417,pepperoni_s,1,2015-01-07,18:24:40,9.75
954,418,sicilian_m,1,2015-01-07,18:40:11,16.25
953,418,ckn_pesto_m,1,2015-01-07,18:40:11,16.75
958,419,veggie_veg_s,1,2015-01-07,19:02:31,12
957,419,ital_veggie_m,1,2015-01-07,19:02:31,16.75
956,419,hawaiian_l,1,2015-01-07,19:02:31,16.5
955,419,bbq_ckn_l,1,2015-01-07,19:02:31,20.75
960,420,pep_msh_pep_s,1,2015-01-07,19:04:40,11
959,420,five_cheese_l,1,2015-01-07,19:04:40,18.5
963,421,ckn_pesto_s,1,2015-01-07,19:21:58,12.75
962,421,calabrese_l,1,2015-01-07,19:21:58,20.25
961,421,bbq_ckn_l,1,2015-01-07,19:21:58,20.75
966,422,spinach_fet_m,1,2015-01-07,19:30:25,16
965,422,ital_supr_m,1,2015-01-07,19:30:25,16.5
964,422,four_cheese_l,1,2015-01-07,19:30:25,17.95
968,423,sicilian_s,1,2015-01-07,19:45:07,12.25
967,423,ital_supr_l,1,2015-01-07,19:45:07,20.75
969,424,pepperoni_m,1,2015-01-07,20:01:28,12.5
970,425,soppressata_m,1,2015-01-07,20:21:19,16.5
973,426,soppressata_m,1,2015-01-07,20:25:45,16.5
972,426,sicilian_s,1,2015-01-07,20:25:45,12.25
971,426,classic_dlx_m,1,2015-01-07,20:25:45,16
974,427,spinach_fet_l,1,2015-01-07,21:49:00,20.25
976,428,ital_cpcllo_s,1,2015-01-07,22:05:00,12
975,428,calabrese_l,1,2015-01-07,22:05:00,20.25
977,429,spicy_ital_m,1,2015-01-07,22:16:53,16.5
979,430,sicilian_s,1,2015-01-07,22:46:13,12.25
978,430,green_garden_m,1,2015-01-07,22:46:13,16
983,431,hawaiian_l,1,2015-01-08,11:17:13,16.5
982,431,four_cheese_l,1,2015-01-08,11:17:13,17.95
981,431,ckn_alfredo_s,1,2015-01-08,11:17:13,12.75
980,431,big_meat_s,1,2015-01-08,11:17:13,12
986,432,veggie_veg_s,1,2015-01-08,11:39:07,12
985,432,thai_ckn_l,1,2015-01-08,11:39:07,20.75
984,432,ital_cpcllo_s,1,2015-01-08,11:39:07,12
987,433,spicy_ital_l,1,2015-01-08,11:49:50,20.75
990,434,veggie_veg_l,1,2015-01-08,11:54:14,20.25
989,434,spicy_ital_l,1,2015-01-08,11:54:14,20.75
988,434,napolitana_m,1,2015-01-08,11:54:14,16
993,435,spinach_supr_s,1,2015-01-08,12:06:09,12.5
992,435,pep_msh_pep_m,1,2015-01-08,12:06:09,14.5
991,435,classic_dlx_m,1,2015-01-08,12:06:09,16
997,436,peppr_salami_s,1,2015-01-08,12:07:21,12.5
996,436,pep_msh_pep_s,1,2015-01-08,12:07:21,11
995,436,ital_supr_m,1,2015-01-08,12:07:21,16.5
994,436,classic_dlx_l,1,2015-01-08,12:07:21,20.5
998,437,bbq_ckn_m,1,2015-01-08,12:07:54,16.75
999,438,veggie_veg_m,1,2015-01-08,12:08:38,16
1002,439,the_greek_s,1,2015-01-08,12:13:08,12
